Product,Best_Model,Error_Score
Antibiotic_A,ARIMA,2.259435682159593
Antihistamine,Prophet,3.612256968402764
Cough_Syrup,ARIMA,2.7588404226221273
Insulin_Supplies,LSTM,12.404422789038657
ORS_Solution,ARIMA,2.514885498834141
PainRelief_Gel,LSTM,19.670598546094844
Paracetamol_500mg,ARIMA,7.618365781837331
Sunscreen,Prophet,3.438714183612309
Travel_Antidiarrheal,XGBoost,4.813176359397884
Vitamin_C,ARIMA,3.297656303798316
